,Brand,ARAI Mileage,Fuel Type,Engine Displacement (cc),No. of cylinder,Max Power (bhp@rpm),Max Torque (nm@rpm),Seating Capacity,TransmissionType,Boot Space (Litres),Fuel Tank Capacity,Body Type,Power Steering,Power Windows Front,Anti Lock Braking System,Air Conditioner,Driver Airbag,Passenger Airbag,Automatic Climate Control,Fog Lights - Front,Alloy Wheels,Price,Multi-function Steering Wheel,Service Cost (Avg. of 5 years),Ground Clearance Unladen,Engine Start Stop Button,Wheel Covers,Secondary Fuel Type,City Mileage,Charging time,Battery Capacity,Range,WLTP Mileage
0,Maruti Swift,22.56 kmpl,Petrol,1197,4,88.50bhp@6000rpm,113Nm@4400rpm,5,Automatic,268,37.0,Hatchback,Yes,Yes,Yes,Yes,Yes,Yes,Yes,Yes,Yes,Rs.5.99 - 9.03 Lakh*Get On Road Price,,,,,,,,,,,
1,Maruti FRONX,20.01 kmpl,Petrol,998,3,98.69bhp@5500rpm,147.6Nm@2000-4500rpm,5,Automatic,308,37.0,SUV,Yes,Yes,Yes,Yes,Yes,Yes,Yes,,Yes,Rs.7.46 - 13.13 Lakh*Get On Road Price,Yes,,,,,,,,,,
2,Maruti Brezza,19.8 kmpl,Petrol,1462,4,101.65bhp@6000rpm,136.8Nm@4400rpm,5,Automatic,328,48.0,SUV,Yes,Yes,Yes,Yes,Yes,Yes,Yes,Yes,Yes,Rs.8.29 - 14.14 Lakh*Get On Road Price,,"Rs.5,161",,,,,,,,,
3,Maruti Dzire,22.61 kmpl,Petrol,1197,4,88.50bhp@6000rpm,113Nm@4400rpm,5,Automatic,378,37.0,Sedan,Yes,Yes,Yes,Yes,Yes,Yes,Yes,Yes,Yes,Rs.6.51 - 9.39 Lakh*Get On Road Price,,"Rs.5,254",,,,,,,,,
4,Maruti Jimny,16.39 kmpl,Petrol,1462,4,103.39bhp@6000rpm,134.2nm@4000rpm,4,Automatic,211,40.0,SUV,Yes,Yes,Yes,Yes,Yes,Yes,Yes,Yes,Yes,Rs.12.74 - 15.05 Lakh*Get On Road Price,,,210mm,,,,,,,,
5,Maruti Wagon R,24.43 kmpl,Petrol,1197,4,88.50bhp@6000rpm,113Nm@4400rpm,5,Automatic,341,32.0,Hatchback,Yes,Yes,Yes,Yes,Yes,Yes,,Yes,Yes,Rs.5.54 - 7.42 Lakh*Get On Road Price,Yes,,,,,,,,,,
6,Maruti Invicto,23.24 kmpl,Petrol,1987,4,150.19bhp@6000rpm,188Nm@4400-5200rpm,"7, 8",Automatic,,52.0,MUV,Yes,Yes,Yes,Yes,Yes,Yes,,,Yes,Rs.24.79 - 28.42 Lakh*Get On Road Price,Yes,,,Yes,,,,,,,
7,Maruti Alto K10,33.85 km/kg,CNG,998,3,55.92bhp@5300rpm,82.1Nm@3400rpm,"4, 5",Manual,,55.0,Hatchback,Yes,Yes,Yes,Yes,Yes,Yes,,,,Rs.3.99 - 5.96 Lakh*Get On Road Price,No,,,,Yes,,,,,,
8,Maruti XL6,20.27 kmpl,Petrol,1462,4,101.65bhp@6000rpm,136.8Nm@4400rpm,6,Automatic,209,45.0,MUV,Yes,Yes,Yes,Yes,Yes,Yes,Yes,Yes,Yes,Rs.11.56 - 14.82 Lakh*Get On Road Price,,"Rs.5,362",,,,,,,,,
9,Maruti S-Presso,32.73 km/kg,CNG,998,3,55.92bhp@5500rpm,82.1Nm@3400rpm,"4, 5",Manual,,55.0,Hatchback,Yes,Yes,Yes,Yes,Yes,Yes,,,,Rs.4.26 - 6.12 Lakh*Get On Road Price,No,,,,Yes,,,,,,
10,Maruti Ertiga Tour,26.08 km/kg,CNG,1462,4,91.18bhp@6000rpm,122Nm@4400rpm,7,Manual,,60.0,MUV,Yes,Yes,Yes,Yes,Yes,Yes,,,,Rs.9.75 - 10.70 Lakh*Get On Road Price,Yes,,,,Yes,Petrol,,,,,
11,Maruti Alto 800 tour,22.05 kmpl,Petrol,796,3,47.33bhp@6000rpm,69Nm@3500rpm,5,Manual,,35.0,Hatchback,Yes,Yes,Yes,Yes,Yes,,,,,Rs.4.20 Lakh*Get On Road Price,,,,,,,,,,,
12,Maruti Eeco Cargo,27.05 km/kg,CNG,1197,4,70.67bhp@6000rpm,95Nm@3000rpm,2,Manual,,65.0,Minivan,,,,Yes,,,,,,Rs.5.42 - 6.74 Lakh*Get On Road Price,,,,,Yes,,,,,,
13,Maruti Swift Dzire Tour,31.12 km/kg,CNG,1197,4,76.43bhp@6000rpm,98.5Nm@4300rpm,5,Manual,,55.0,Sedan,Yes,Yes,Yes,Yes,Yes,,,,,Rs.6.51 - 7.36 Lakh*Get On Road Price,,,,,,,,,,,
14,Maruti Wagon R tour,34.73 km/kg,CNG,998,3,55.92bhp@5300rpm,82.1Nm@3400rpm,5,Manual,,,Hatchback,Yes,Yes,Yes,Yes,Yes,Yes,,,,Rs.5.51 - 6.42 Lakh*Get On Road Price,,,,,,Petrol,,,,,
15,Hyundai Exter,19.2 kmpl,Petrol,1197,4,81.80bhp@6000rpm,113.8Nm@4000rpm,5,Automatic,,37.0,SUV,Yes,Yes,Yes,Yes,Yes,Yes,,,Yes,Rs.6 - 10.10 Lakh*Get On Road Price,Yes,,,Yes,,,,,,,
16,Hyundai Creta,,Diesel,1493,4,113.45bhp@4000rpm,250Nm@1500-2750rpm,5,Automatic,,50.0,SUV,Yes,Yes,Yes,Yes,Yes,Yes,Yes,Yes,Yes,Rs.10.87 - 19.20 Lakh*Get On Road Price,,"Rs.4,211",,,,,18.0 kmpl,,,,
17,Hyundai Verna,20.6 kmpl,Petrol,1482,4,157.57bhp@5500rpm,253Nm@1500-3500rpm,5,Automatic,,45.0,Sedan,Yes,Yes,Yes,Yes,Yes,Yes,Yes,,Yes,Rs.10.96 - 17.38 Lakh*Get On Road Price,Yes,"Rs.3,312",,,,,,,,,
18,Hyundai Venue,,Petrol,998,3,118.41bhp@6000rpm,172Nm@1500-4000rpm,5,Automatic,,45.0,SUV,Yes,Yes,Yes,Yes,Yes,Yes,Yes,,Yes,Rs.7.77 - 13.18 Lakh*Get On Road Price,Yes,,,,,,16.0 kmpl,,,,
19,Hyundai Aura,,CNG,1197,4,67.72bhp@6000rpm,95.2Nm@4000rpm,5,Manual,,65.0,Sedan,Yes,Yes,Yes,Yes,Yes,Yes,Yes,,Yes,Rs.6.33 - 8.90 Lakh*Get On Road Price,Yes,"Rs.3,990",,,,,,,,,
20,Hyundai Alcazar,18.1 kmpl,Diesel,1498,4,113.98bhp@4000rpm,250Nm@1500-2750rpm,"6, 7",Automatic,,,SUV,Yes,Yes,Yes,Yes,Yes,Yes,Yes,Yes,Yes,Rs.16.77 - 21.23 Lakh*Get On Road Price,,,,,,,16.0 kmpl,,,,
21,Hyundai Tucson,,Diesel,1997,4,183.72bhp@4000rpm,416Nm@2000-2750rpm,5,Automatic,,54.0,SUV,Yes,Yes,Yes,Yes,Yes,Yes,,,Yes,Rs.28.63 - 35.46 Lakh*Get On Road Price,Yes,"Rs.3,505",,Yes,,,,,,,
22,Hyundai Kona Electric,,,,,134.10bhp,395Nm,5,,,,SUV,Yes,Yes,Yes,Yes,Yes,Yes,Yes,,Yes,Rs.23.84 - 24.03 Lakh*Get On Road Price,Yes,,,,,,,6.16 Hours,39.2kWh,452km,
23,Hyundai Venue N Line,,Petrol,998,3,118.41bhp@6000rpm,172Nm@1500-4000rpm,5,Automatic,,45.0,SUV,Yes,Yes,Yes,Yes,Yes,Yes,Yes,,Yes,Rs.12.67 - 13.81 Lakh*Get On Road Price,Yes,"Rs.3,619",,,,,,,,,
24,Hyundai Grand i10 Nios,,Petrol,1197,4,81.80bhp@6000rpm,113.8Nm@4000rpm,5,Automatic,,37.0,Hatchback,Yes,Yes,Yes,Yes,Yes,Yes,Yes,,Yes,Rs.5.73 - 8.51 Lakh*Get On Road Price,Yes,"Rs.2,944",,,,,,,,,
25,Hyundai i20 N Line,20.25 kmpl,Petrol,998,3,118.41bhp@6000rpm,172Nm@1500-4000rpm,5,Automatic,,37.0,Hatchback,Yes,Yes,Yes,Yes,Yes,Yes,Yes,Yes,Yes,Rs.10.19 - 12.31 Lakh*Get On Road Price,,"Rs.4,330",,,,,16.0 kmpl,,,,
26,Hyundai IONIQ 5,,,,,214.56bhp,350Nm,5,,,,SUV,Yes,Yes,Yes,Yes,Yes,Yes,,Yes,Yes,Rs.44.95 Lakh*Get On Road Price,Yes,,,,,,,6.90 Hours,72.6kWh,631,
27,Tata Punch,18.8 kmpl,Petrol,1199,3,86.63bhp@6000rpm,115Nm@3250+/-100rpm,5,Automatic,366,,SUV,Yes,Yes,Yes,Yes,Yes,Yes,Yes,Yes,Yes,Rs.6 - 10.10 Lakh*Get On Road Price,,"Rs.4,712",,,,,,,,,
28,Tata Nexon,24.07 kmpl,Diesel,1497,4,113.42bhp@3750rpm,260Nm@1500-2750rpm,5,Automatic,350,,SUV,Yes,Yes,Yes,Yes,Yes,Yes,Yes,Yes,Yes,Rs.8 - 14.60 Lakh*Get On Road Price,,"Rs.6,271",209,,,,,,,,
29,Tata Harrier,14.6 kmpl,Diesel,1956,4,167.67bhp@3750rpm,350Nm@1750-2500rpm,5,Automatic,425,50.0,SUV,Yes,Yes,Yes,Yes,Yes,Yes,Yes,Yes,Yes,Rs.15.20 - 24.27 Lakh*Get On Road Price,,,,,,,,,,,
30,Tata Altroz,23.64 kmpl,Diesel,1497,4,88.77bhp@4000rpm,200Nm@1250-3000rpm,5,Manual,345,37.0,Hatchback,Yes,Yes,Yes,Yes,Yes,Yes,Yes,Yes,Yes,Rs.6.60 - 10.74 Lakh*Get On Road Price,,,165,,,,,,,,
31,Tata Tiago EV,,,,,73.75bhp,114Nm,5,,240,,Hatchback,Yes,Yes,Yes,Yes,Yes,Yes,Yes,Yes,,Rs.8.69 - 12.04 Lakh*Get On Road Price,,,,,Yes,,,3.6 Hours,24 KWh,315,
32,Tata Tigor,26.49 km/kg,CNG,1199,3,72.40bhp@6000rpm,95Nm@3500rpm,5,Manual,205,60.0,Sedan,Yes,Yes,Yes,Yes,Yes,Yes,Yes,Yes,,Rs.6.30 - 8.90 Lakh*Get On Road Price,,,,,Yes,,,,,,
33,Tata Tigor EV,,,,,73.75bhp,170Nm,5,,316,,Sedan,Yes,Yes,Yes,Yes,Yes,Yes,Yes,Yes,,Rs.12.49 - 13.75 Lakh*Get On Road Price,,,172,,Yes,,,7.5h,26 kWh,315,
34,Tata Nexon EV Max,,,,,141.04bhp,250Nm,5,,350,,SUV,,Yes,Yes,,Yes,Yes,Yes,Yes,Yes,Rs.16.49 - 19.54 Lakh*Get On Road Price,Yes,,190,Yes,,,,6.5 Hours,40.5 kWh,453 Km,
35,Tata Tiago NRG,26.49 km/kg,CNG,1199,3,72.41bhp@6000rpm,95Nm@3500rpm,5,Manual,,60.0,Hatchback,Yes,Yes,Yes,Yes,Yes,Yes,,Yes,,Rs.6.70 - 8.05 Lakh*Get On Road Price,Yes,,177,,Yes,,,,,,
36,Tata Yodha Pickup,,Diesel,2956,4,85bhp@3000rpm,250Nm@1000-2000rpm,"2, 4",Manual,,45.0,Pickup Truck,Yes,,,,,,,,,Rs.6.95 - 7.50 Lakh*Get On Road Price,,,190mm,,Yes,,12.0 kmpl,,,,
37,Tata Nexon EV Prime,,,,,127bhp,245Nm,5,,350,,SUV,Yes,Yes,Yes,Yes,Yes,Yes,Yes,Yes,Yes,Rs.14.49 - 17.19 Lakh*Get On Road Price,,,205,,,,,9.16 Hours,30.2kWh,312km,
38,Honda City,18.4 kmpl,Petrol,1498,4,119.35bhp@6600rpm,145Nm@4300rpm,5,Automatic,506,40.0,Sedan,Yes,Yes,Yes,Yes,Yes,Yes,Yes,Yes,Yes,Rs.11.57 - 16.05 Lakh*Get On Road Price,,"Rs.5,625",,,,,,,,,
39,Honda Amaze,18.3 kmpl,Petrol,1199,4,88.50bhp@6000rpm,110Nm@4800rpm,5,Automatic,420,35.0,Sedan,Yes,Yes,Yes,Yes,Yes,Yes,Yes,Yes,Yes,Rs.7.05 - 9.66 Lakh*Get On Road Price,,"Rs.5,468",,,,,,,,,
40,Honda City Hybrid,27.13 kmpl,Petrol,1498,4,96.55bhp@5600-6400rpm,127Nm@4500-5000rpm,5,Automatic,,40.0,Sedan,Yes,Yes,Yes,Yes,Yes,Yes,Yes,Yes,Yes,Rs.18.89 - 20.39 Lakh*Get On Road Price,,,,,,,,,,,
41,Mahindra Thar,,Diesel,2184,4,130bhp@3750rpm,300Nm@1600-2800rpm,4,Automatic,,57.0,SUV,Yes,Yes,Yes,Yes,Yes,Yes,,Yes,Yes,Rs.10.54 - 16.78 Lakh*Get On Road Price,Yes,,226mm,,,,9.0 kmpl,,,,
42,Mahindra XUV700,,Diesel,2198,4,182.38bhp@3500rpm,450Nm@1750-2800rpm,"5, 7",Automatic,,,SUV,Yes,Yes,Yes,Yes,Yes,Yes,,Yes,Yes,Rs.14.01 - 26.18 Lakh*Get On Road Price,Yes,,,,,,17.19 kmpl,,,,
43,Mahindra Bolero,16.0 kmpl,Diesel,1493,3,74.96bhp@3600rpm,210Nm@1600-2200rpm,7,Manual,,60.0,SUV,Yes,Yes,Yes,Yes,Yes,Yes,No,Yes,,Rs.9.78 - 10.79 Lakh*Get On Road Price,,,,,Yes,,15.64 kmpl,,,,
44,Mahindra Scorpio N,,Diesel,2198,4,172.45bhp@3500rpm,400Nm@1750-2750rpm,"6, 7",Automatic,,,SUV,Yes,Yes,Yes,Yes,,Yes,,Yes,Yes,Rs.13.05 - 24.51 Lakh*Get On Road Price,Yes,,187,Yes,,,,,,,
45,Mahindra XUV300,,Diesel,1497,4,115.05bhp@3750rpm,300Nm@1500-2500rpm,5,Automatic,,42.0,SUV,Yes,Yes,Yes,Yes,Yes,Yes,,Yes,Yes,Rs.7.99 - 14.60 Lakh*Get On Road Price,Yes,,,,,,,,,,
46,Mahindra Scorpio Classic,,Diesel,2184,4,130.07bhp@3750rpm,300Nm@1600-2800rpm,7,Manual,,60.0,SUV,Yes,Yes,Yes,Yes,Yes,Yes,Yes,Yes,Yes,Rs.13 - 16.81 Lakh*Get On Road Price,,,,,,,,,,,
47,Mahindra Bolero Neo,17.29 kmpl,Diesel,1493,3,100bhp@3750rpm,260Nm@1750-2250rpm,7,Manual,384,50.0,SUV,Yes,Yes,Yes,Yes,Yes,Yes,,Yes,Yes,Rs.9.63 - 12.14 Lakh*Get On Road Price,Yes,,180mm,,,,12.08 kmpl,,,,
48,Mahindra Marazzo,17.3 kmpl,Diesel,1497,4,120.96bhp@3500rpm,300Nm@1750-2500rpm,"7, 8",Manual,190,45.0,MUV,Yes,Yes,Yes,Yes,Yes,Yes,Yes,Yes,Yes,Rs.14.10 - 16.46 Lakh*Get On Road Price,,"Rs.8,083",,,,,,,,,
49,Mahindra Bolero Camper,,Diesel,2523,4,75.09bhp@3200rpm,200Nm@1400-2200rpm,5,Manual,,57.0,Pickup Truck,Yes,Yes,,Yes,,,,,,Rs.9.27 - 9.76 Lakh*Get On Road Price,,,185,,,,,,,,
50,Mahindra KUV 100 NXT,18.15 kmpl,Petrol,1198,3,82bhp@5500rpm,115Nm@3500-3600rpm,6,Manual,243,35.0,Hatchback,Yes,Yes,Yes,Yes,Yes,Yes,Yes,Yes,Yes,Rs.6.18 - 7.84 Lakh*Get On Road Price,,,170,,,,,,,,
51,Mahindra XUV400 EV,,,,,147.51Bhpbhp,310Nm,5,,,,SUV,Yes,Yes,Yes,Yes,Yes,Yes,,,Yes,Rs.15.99 - 19.39 Lakh*Get On Road Price,Yes,,,Yes,,,,50min,39.4 kWh,456 kms,
52,Mahindra Bolero Maxitruck Plus,17.2 km/kg,CNG,2523,4,67.05bhp@3200rpm,178Nm@1400-2000rpm,2,Manual,,146.0,Pickup Truck,Yes,,,,,,,,,Rs.7.49 - 7.89 Lakh*Get On Road Price,,,,,,,,,,,
53,Mahindra E Verito,,,,,41.57bhp@3500rpm,91Nm@3000rpm,5,,510,,Sedan,Yes,Yes,Yes,Yes,Yes,No,No,,Yes,Rs.9.13 - 9.46 Lakh*Get On Road Price,,,172mm,,No,,,,288ah Lithium Ion,110Km,
54,Mahindra Bolero PikUp ExtraLong,,Diesel,2523,4,75.09bhp@3200rpm,200Nm@1400-2200rpm,2,Manual,,60.0,Pickup Truck,Yes,,,,,,,,,Rs.8.85 - 9.12 Lakh*Get On Road Price,,,,,,,,,,,
55,Toyota Innova Crysta,,Diesel,2393,4,147.51bhp@3400rpm,343Nm@1400-2800rpm,"7, 8",Manual,300,55.0,MUV,Yes,Yes,Yes,Yes,Yes,Yes,Yes,Yes,Yes,Rs.19.99 - 26.05 Lakh*Get On Road Price,,,,,,,,,,,
56,Toyota Land Cruiser 300,,Diesel,3346,6,304.41bhp@4000rpm,700Nm@1600-2600rpm,5,Automatic,,110.0,SUV,Yes,Yes,Yes,Yes,Yes,Yes,,Yes,,Rs.2.10 Cr*Get On Road Price,Yes,,,Yes,,,,,,,
57,Toyota Urban Cruiser Hyryder,27.97 kmpl,Petrol,1490,3,91.18bhp@5500rpm,122Nm@4400-4800rpm,5,Automatic,,45.0,SUV,Yes,Yes,Yes,Yes,Yes,Yes,Yes,,Yes,Rs.10.86 - 19.99 Lakh*Get On Road Price,Yes,,,,,,,,,,
58,Toyota Hilux,,Diesel,2755,4,201.15bhp@3000-3400rpm,500Nm@1600-2800rpm,5,Automatic,,80.0,Pickup Truck,Yes,Yes,Yes,Yes,Yes,Yes,,Yes,Yes,Rs.30.40 - 37.90 Lakh*Get On Road Price,Yes,,,,,,,,,,
59,Toyota Fortuner Legender,,Diesel,2755,4,201.15bhp@3000-3400rpm,500Nm@1600-2800rpm,7,Automatic,,80.0,SUV,Yes,Yes,Yes,Yes,Yes,Yes,,Yes,Yes,Rs.43.22 - 46.94 Lakh*Get On Road Price,Yes,,,,,,8.0 kmpl,,,,
60,Toyota Camry,,Petrol,2487,4,175.67bhp@5700rpm,221Nm@3600to5200rpm,5,Automatic,,50.0,Sedan,Yes,Yes,Yes,Yes,Yes,Yes,,Yes,Yes,Rs.46.17 Lakh*Get On Road Price,Yes,,,,,,,,,,
61,Toyota Glanza,22.94 kmpl,Petrol,1197,4,88.50bhp@6000rpm,113Nm@4400rpm,5,Automatic,318,37.0,Hatchback,Yes,Yes,Yes,Yes,Yes,Yes,Yes,Yes,Yes,Rs.6.81 - 10 Lakh*Get On Road Price,,"Rs.3,393",,,,,16.94 kmpl,,,,
62,Toyota Innova Hycross,23.24 kmpl,Petrol,1987,4,183.72bhp@6600rpm,188Nm@4398-5196rpm,"7, 8",Automatic,,52.0,MUV,Yes,Yes,Yes,Yes,Yes,Yes,,Yes,Yes,Rs.18.82 - 30.26 Lakh*Get On Road Price,Yes,,,,,,,,,,
63,Ford Aspire,18.16 kmpl,Petrol,1196,4,86.8bhp@6300rpm,112Nm@4000rpm,5,Manual,359 re,42.0,Sedan,Yes,Yes,,Yes,Yes,Yes,No,No,No,Rs.5.21 - 9.10 Lakh*,,,174mm,,Yes,,,,,,
64,Ford Endeavour,13.9 kmpl,Diesel,1996,4,167.62bhp@3500rpm,420Nm@2000-2500rpm,7,Automatic,,80.0,SUV,Yes,Yes,Yes,Yes,Yes,Yes,,Yes,Yes,Rs.29.99 - 36.27 Lakh*,Yes,,,,,,,,,,
65,Ford Freestyle,19.0 kmpl,Petrol,1194,3,94.68bhp@6500rpm,120Nm@4250rpm,5,Manual,257,42.0,Hatchback,Yes,Yes,Yes,Yes,Yes,Yes,No,No,,Rs.5.91 - 9.03 Lakh*,,,,,Yes,,,,,,
66,Volkswagen Virtus,18.67 kmpl,Petrol,1498,4,147.51bhp@5000-6000rpm,250Nm@1600-3500rpm,5,Automatic,521,45.0,Sedan,Yes,Yes,Yes,Yes,Yes,Yes,Yes,Yes,Yes,Rs.11.48 - 18.77 Lakh*Get On Road Price,,"Rs.5,879",179mm,,,,,,,,
67,Volkswagen Taigun,17.88 kmpl,Petrol,1498,4,147.51bhp@5000-6000rpm,250Nm@1600-3500rpm,5,Automatic,385,50.0,SUV,Yes,Yes,Yes,Yes,Yes,Yes,Yes,Yes,Yes,Rs.11.62 - 19.46 Lakh*Get On Road Price,,"Rs.7,124",188,,,,,,,,
68,Volkswagen Tiguan,12.65 kmpl,Petrol,1984,4,187.74bhp@4200-6000rpm,320Nm@1500-4100rpm,5,Automatic,615s,60.0,SUV,Yes,Yes,Yes,Yes,Yes,Yes,,,Yes,Rs.35.17 Lakh*Get On Road Price,Yes,,,Yes,,,,,,,
69,Renault Triber,18.2 kmpl,Petrol,999,3,71.01bhp@6250rpm,96Nm@3500rpm,7,Automatic,84,40.0,MUV,Yes,Yes,Yes,Yes,Yes,Yes,,,,Rs.6.33 - 8.97 Lakh*Get On Road Price,Yes,"Rs.2,034",182,Yes,Yes,,15.0 kmpl,,,,
70,Renault Kiger,18.24 kmpl,Petrol,999,3,98.63bhp@5000rpm,152Nm@2200-4400rpm,5,Automatic,405,40.0,SUV,Yes,Yes,Yes,Yes,Yes,Yes,Yes,,Yes,Rs.6.50 - 11.23 Lakh*Get On Road Price,Yes,,205,,,,14.0 kmpl,,,,
71,Nissan Magnite,20.0 kmpl,Petrol,999,3,98.63bhp@5000rpm,152Nm@2200-4400rpm,5,Automatic,336,,SUV,Yes,Yes,Yes,Yes,Yes,Yes,Yes,Yes,Yes,Rs.6 - 11.02 Lakh*Get On Road Price,,"Rs.3,328",205,,,,,,,,
72,Skoda Kushaq,18.6 kmpl,Petrol,1498,4,147.51bhp@5000-6000rpm,250Nm@1600-3500rpm,5,Automatic,385/1405,50.0,SUV,Yes,Yes,Yes,Yes,Yes,Yes,Yes,Yes,Yes,Rs.11.59 - 19.69 Lakh*Get On Road Price,,"Rs.6,755",188mm,,,,,,,,
73,Skoda Kodiaq,12.78 kmpl,Petrol,1984,4,187.74bhp@4200-6000rpm,320Nm@1500-4100rpm,7,Automatic,270,60.0,SUV,Yes,Yes,Yes,Yes,Yes,Yes,,Yes,Yes,Rs.38.50 - 41.95 Lakh*Get On Road Price,Yes,"Rs.13,101",192mm,,,,,,,,
74,Fiat Avventura Urban Cross,20.5 kmpl,Diesel,1248,4,91.72bhp@4000rpm,209Nm@2000rpm,5,Manual,280,45.0,Hatchback,Yes,Yes,No,Yes,No,No,No,,Yes,Rs.6.78 - 9.78 Lakh*,,,205mm,,No,,,,,,
75,BMW X7,14.31 kmpl,Diesel,2993,6,335.25bhp@4400rpm,700Nm@1750-2250rpm,6,Automatic,,,SUV,Yes,Yes,Yes,,Yes,Yes,,Yes,Yes,Rs.1.22 - 1.25 Cr*Get On Road Price,Yes,,,Yes,,,,,,,
76,BMW X1,20.37 kmpl,Diesel,1995,4,147.51bhp@3750-4000rpm,360Nm@1500–2500rpm,5,Automatic,,,SUV,Yes,Yes,Yes,Yes,Yes,Yes,,Yes,Yes,Rs.45.90 - 50.90 Lakh*Get On Road Price,Yes,,,,,,,,,,
77,BMW X5,12.0 kmpl,Diesel,2993,6,281.68bhp@4000rpm,650Nm@1500-2500rpm,5,Automatic,,,SUV,Yes,Yes,Yes,Yes,Yes,Yes,,Yes,Yes,Rs.93.90 Lakh - 1.07 Cr*Get On Road Price,Yes,,,,,,,,,,
78,BMW XM,,Petrol,4395,8,643.69bhp@5400-7200rpm,800Nm@1600-5000rpm,7,Automatic,,,SUV,Yes,Yes,Yes,Yes,Yes,Yes,,,Yes,Rs.2.60 Cr*Get On Road Price,Yes,,,Yes,,,,,,,61.9 kmpl
79,BMW i7,,,,,536.40bhp,745Nm,5,,,,Sedan,Yes,Yes,Yes,Yes,Yes,Yes,,Yes,Yes,Rs.1.95 Cr*Get On Road Price,Yes,,,,,,,,101.7kWh,590-625,
80,BMW Z4,,Petrol,2998,6,335bhp@5000-6500rpm,500Nm@1600-4500rpm,2,Automatic,281,52.0,Convertible,Yes,Yes,Yes,Yes,Yes,Yes,,,Yes,Rs.89.30 Lakh*Get On Road Price,Yes,,,Yes,,,,,,,
81,BMW X3,,Petrol,2998,6,355.37Bhp@5200-6500rpm,500Nm@1900-5000rpm,5,Automatic,,,SUV,Yes,Yes,Yes,Yes,Yes,Yes,,Yes,Yes,Rs.67.50 - 86.50 Lakh*Get On Road Price,Yes,,,,,,,,,,
82,BMW iX,,,,,321.84bhp,630Nm,5,,,,SUV,Yes,Yes,Yes,Yes,Yes,Yes,,,Yes,Rs.1.21 Cr*Get On Road Price,Yes,,,Yes,,,,7.25 Hours,71kWh,372-425km,
83,BMW 3 Series,13.02 kmpl,Petrol,2998,6,368.78bhp@5500-6500rpm,500Nm@1900-5000rpm,5,Automatic,,,Sedan,Yes,Yes,Yes,Yes,Yes,Yes,,Yes,Yes,Rs.71.50 Lakh*Get On Road Price,Yes,,,,,,,,,,
84,BMW 7 Series,,Petrol,2998,6,375.48bhp@5200-6250rpm,520Nm@1850-5000rpm,5,Automatic,,,Sedan,Yes,Yes,Yes,Yes,Yes,Yes,,Yes,Yes,Rs.1.70 Cr*Get On Road Price,Yes,,,,,,,,,,
85,BMW 2 Series,14.82 kmpl,Petrol,1998,4,189.08bhp@5000rpm,280Nm@1350-4600rpm,5,Automatic,,50.0,Sedan,Yes,Yes,Yes,Yes,Yes,Yes,,Yes,Yes,Rs.43.50 - 45.50 Lakh*Get On Road Price,Yes,,,,,,,,,,
86,BMW M2,,Petrol,2993,6,453.26bhp@6250rpm,550Nm@2650-5870rpm,4,Automatic,390,,Convertible,Yes,Yes,Yes,Yes,Yes,Yes,,Yes,Yes,Rs.98 Lakh*Get On Road Price,Yes,,,,,,,,,,10.13 kmpl
87,BMW 5 Series,17.42 kmpl,Diesel,2993,6,261.49bhp@4000rpm,620Nm@2000–2500rpm,5,Automatic,,,Sedan,Yes,Yes,Yes,Yes,Yes,Yes,,Yes,Yes,Rs.68.90 Lakh*Get On Road Price,Yes,,,,,,,,,,
88,BMW i4,,,,,335.25bhp,430Nm,5,,470/1290,,Sedan,Yes,Yes,Yes,Yes,Yes,Yes,,,Yes,Rs.73.90 - 77.50 Lakh*Get On Road Price,Yes,,,No,,,,,83.9Kw,493-590Km,
89,BMW 3 Series Gran Limousine,19.61 kmpl,Diesel,1995,4,187.74bhp@4000rpm,400Nm@1750-2500rpm,5,Automatic,,,Coupe,Yes,Yes,Yes,,Yes,Yes,,Yes,Yes,Rs.58.90 - 60.50 Lakh*Get On Road Price,Yes,,,Yes,,,,,,,
90,BMW M4 Competition,,Petrol,2993,6,502.88bhp@6250rpm,650Nm@2750-5500rpm,5,Automatic,,,Coupe,Yes,Yes,,,,,,,Yes,Rs.1.48 Cr*Get On Road Price,Yes,,,Yes,,,,,,,
91,BMW M8 Coupe Competition,8.7 kmpl,Petrol,4395,8,616.87bhp@6000rpm,750Nm@1800-5600rpm,5,Automatic,,,Coupe,,,Yes,,Yes,Yes,,,,Rs.2.44 Cr*Get On Road Price,,,,,,,,,,,
92,Audi Q5,13.47 kmpl,Petrol,1984,4,245.59bhp@5000-6000rpm,370Nm@1600-4300bhp,5,Automatic,,,SUV,,,,,Yes,Yes,,Yes,Yes,Rs.61.51 - 67.31 Lakh*Get On Road Price,,,,,,,,,,,
93,Audi A4,,Petrol,1998,4,187.74bhp@4200-6000rpm,320Nm@1450–4200rpm,5,Automatic,460,54.0,Sedan,Yes,Yes,Yes,Yes,Yes,Yes,,Yes,Yes,Rs.43.85 - 51.85 Lakh*Get On Road Price,Yes,,,,,,,,,,
94,Audi Q7,,Petrol,2995,6,335.25bhp@5200-6400rpm,500Nm@1370-4500,7,Automatic,,,SUV,Yes,Yes,,Yes,Yes,,,Yes,Yes,Rs.84.70 - 92.30 Lakh*Get On Road Price,Yes,,,Yes,,,,,,,
95,Audi Q3,,Petrol,1984,4,187.74bhp@4200-6000rpm,320Nm@1500-4100rpm,5,Automatic,530,62.4,SUV,Yes,Yes,,Yes,,,,Yes,Yes,Rs.45.65 - 51.24 Lakh*Get On Road Price,Yes,,,,,,,,,,
96,Audi e-tron,,,,,300kWbhp,664Nm,5,,,,SUV,Yes,Yes,Yes,Yes,Yes,Yes,Yes,Yes,Yes,Rs.1.02 - 1.26 Cr*Get On Road Price,,,,,,,,,95 kwh,359-484 km,
97,Audi e-tron GT,,,,,522.99kWbhp,630Nm,5,,,,Coupe,Yes,Yes,Yes,Yes,Yes,Yes,Yes,,Yes,Rs.1.70 Cr*Get On Road Price,Yes,,,,,,,5:15 Hours,93.4kWh,388-500km,
98,Audi Q8,9.8 kmpl,Petrol,2995,4,340bhp@5000-6400rpm,500Nm@1370-4500rpm,5,Automatic,605,85.0,SUV,Yes,Yes,Yes,Yes,Yes,Yes,Yes,Yes,Yes,Rs.1.07 - 1.43 Cr*Get On Road Price,,,,,,,,,,,
99,Audi RS e-tron GT,,,,,636.98bhp,830Nm,5,,,,Coupe,Yes,Yes,Yes,Yes,Yes,Yes,,,Yes,Rs.1.94 Cr*Get On Road Price,Yes,,,Yes,,,,5:15 Hours,93.4kWh,401-481km,
100,Audi A8 L,,Petrol,2995,6,335.25bhp@5000-6400rpm,500Nm@1370-4500rpm,5,Automatic,505,,Sedan,Yes,Yes,Yes,Yes,Yes,Yes,,Yes,Yes,Rs.1.34 - 1.63 Cr*Get On Road Price,Yes,,,,,,,,,,
101,Audi Q3 Sportback,,Petrol,1984,4,187.74bhp@4200-6000rpm,320Nm@1500-4100rpm,5,Automatic,,,SUV,Yes,Yes,Yes,Yes,Yes,Yes,,Yes,Yes,Rs.52.26 Lakh*Get On Road Price,Yes,,,,,,,,,,
102,Audi RS Q8,,Petrol,3998,8,591.39bhp@6000rpm,800Nm@2200-4500rpm,5,Automatic,,85.0,SUV,Yes,Yes,Yes,Yes,Yes,Yes,,Yes,Yes,Rs.2.22 Cr*Get On Road Price,Yes,,,,,,,,,,8.26 kmpl
103,Audi S5 Sportback,,Petrol,2994,6,348.66bhp@5400-6400rpm,500Nm@1370-4500rpm,5,Automatic,465,58.0,Coupe,Yes,Yes,Yes,Yes,Yes,Yes,,Yes,Yes,Rs.75.74 Lakh*Get On Road Price,Yes,,,,,,,,,,10.6 kmpl
104,Mercedes-Benz E-Class,,Diesel,2925,6,281.61bhp@3400-4600rpm,600Nm@1200-3200rpm,5,Automatic,,,Sedan,Yes,Yes,Yes,Yes,Yes,Yes,Yes,Yes,Yes,Rs.75 - 88 Lakh*Get On Road Price,,,,,,,,,,,
105,Mercedes-Benz S-Class,13.38 kmpl,Diesel,2925,6,325.86bhp@3600-4200bhp,700Nm@1200-3200rpm,5,Automatic,,,Sedan,Yes,Yes,Yes,Yes,Yes,Yes,Yes,Yes,Yes,Rs.1.71 - 2.17 Cr*Get On Road Price,,,,,,,,,,,
106,Mercedes-Benz GLC,,Diesel,1998,4,194bhp@3800rpm,400nm@2800rpm,5,Automatic,550,,SUV,Yes,Yes,Yes,Yes,Yes,Yes,,Yes,Yes,Rs.73.50 - 74.50 Lakh*Get On Road Price,Yes,,,,,,,,,,19.4 kmpl
107,Mercedes-Benz GLS,,Petrol,3982,8,549.81bhp6000-6500rpm,730Nm@2500-4500rpm,"4, 7",Automatic,,90.0,SUV,Yes,Yes,Yes,Yes,Yes,Yes,,Yes,Yes,Rs.1.29 - 2.92 Cr*Get On Road Price,Yes,,,,,,,,,,
108,Mercedes-Benz GLE,9.7 kmpl,Diesel,2925,6,325.8bhp@3600-4000rpm,700Nm@1200-3000rpm,5,Automatic,825,93.0,SUV,Yes,Yes,Yes,Yes,Yes,Yes,,Yes,Yes,Rs.90 Lakh - 1.08 Cr*Get On Road Price,Yes,,200 mm,,,,,,,,
109,Mercedes-Benz EQS,,,,,750.97bhp,1020Nm,5,,,,Sedan,,,,,,,,Yes,,Rs.1.59 - 2.45 Cr*Get On Road Price,Yes,,,,,,,,107.8kwh,526-580km,
110,Mercedes-Benz AMG SL,,Petrol,3982,8,469.35bhp,700Nm,4,Automatic,,,Convertible,Yes,Yes,Yes,Yes,Yes,Yes,Yes,,,Rs.2.35 Cr*Get On Road Price,Yes,,,Yes,,,,,,,
111,Mercedes-Benz GLB,,Diesel,1998,4,187.74bhp@3800rpm,400Nm@1600-2600rpm,7,Automatic,,,SUV,Yes,Yes,Yes,Yes,Yes,Yes,,,Yes,Rs.63.80 - 69.80 Lakh*Get On Road Price,Yes,,,Yes,,,,,,,
112,Mercedes-Benz Maybach S-Class,,Petrol,5980,12,603.46bhp@5250-5500,900Nm@2000-4000rpm,4,Automatic,,,Sedan,Yes,,Yes,Yes,Yes,Yes,,Yes,Yes,Rs.2.69 - 3.40 Cr*Get On Road Price,Yes,,,Yes,,,,,,,
113,Mercedes-Benz GLC Coupe,16.34 kmpl,Diesel,1950,4,241.38bhp@4200rpm,500Nm@1600-2400rpm,5,Automatic,,66.0,Coupe,Yes,Yes,Yes,Yes,Yes,Yes,Yes,Yes,Yes,Rs.72.50 - 73.50 Lakh*Get On Road Price,,,,,,,,,,,
114,Mercedes-Benz G-Class,,Diesel,2925,6,325.86bhp@3600-4200rpm,700Nm@1200-3200rpm,5,Automatic,,,SUV,Yes,Yes,Yes,Yes,Yes,Yes,Yes,Yes,Yes,Rs.2.55 Cr*Get On Road Price,,,,,,,,,,,
115,Mercedes-Benz A-Class Limousine,,Petrol,1332,4,160.92bhp@5500rpm,250Nm@1620-4000rpm,5,Automatic,,66.0,Sedan,Yes,Yes,Yes,Yes,Yes,Yes,Yes,Yes,Yes,Rs.45.80 Lakh*Get On Road Price,,,,,,,,,,,
116,Mercedes-Benz AMG A 45 S,,Petrol,1991,4,415.71bhp@6750rpm,500Nm@5000-5250rpm,5,Automatic,,51.0,Hatchback,Yes,Yes,Yes,Yes,Yes,Yes,,,Yes,Rs.92.50 Lakh*Get On Road Price,Yes,,2729mm,Yes,,,,,,,
117,Mercedes-Benz AMG GLE 53,,Petrol,2999,6,435bhp@5500-6100rpm,520Nm@1800-5800rpm,5,Automatic,,85.0,Coupe,Yes,Yes,Yes,Yes,Yes,Yes,,Yes,Yes,Rs.1.71 Cr*Get On Road Price,Yes,,,,,,,,,,
118,Mercedes-Benz EQB,,,,,225.29bhp,390Nm,7,,1710,,SUV,Yes,Yes,Yes,Yes,Yes,Yes,Yes,,Yes,Rs.77.50 Lakh*Get On Road Price,Yes,,,,,,,6.25 Hours,66.5Kwh,423km,
119,Mercedes-Benz AMG GLC 43,,Petrol,2996,6,384.87bhp@5500–6100rpm,520Nm@2500-5000rpm,5,Automatic,,,SUV,Yes,Yes,Yes,Yes,Yes,Yes,,Yes,Yes,Rs.87 Lakh*Get On Road Price,Yes,,,,,,,,,,
120,Mercedes-Benz AMG A 35,,Petrol,1991,4,301.73bhp@5800rpm,400Nm@3000-4000rpm,5,Automatic,,51.0,Sedan,Yes,Yes,Yes,Yes,Yes,Yes,,Yes,Yes,Rs.58 Lakh*Get On Road Price,Yes,,,,,,,,,,
121,Mercedes-Benz AMG E 53 Cabriolet,,Petrol,2998,6,424.71bhp@6100rpm,520.63Nm@1800-5800rpm,4,Automatic,269.01,,Convertible,Yes,Yes,Yes,Yes,Yes,Yes,,,Yes,Rs.1.30 Cr*Get On Road Price,Yes,,,Yes,,,,,,,
122,Mercedes-Benz AMG GLA 35,,Petrol,1991,4,301.73bhp@5800rpm,400Nm@3000-4000rpm,5,Automatic,,,SUV,Yes,Yes,Yes,Yes,Yes,Yes,,,Yes,Rs.63.50 Lakh*Get On Road Price,Yes,,,Yes,,,,,,,
123,Mercedes-Benz AMG GT 4 Door Coupe,,Petrol,3982,8,630.28bhp@5500-6500rpm,900Nm@2500-4500rpm,5,Automatic,,,Coupe,,,No,,No,No,,,Yes,Rs.3.30 Cr*Get On Road Price,,,,,,,,,,,
124,Jaguar F-Pace,,Diesel,1997,4,201.15bhp@3750rpm,430Nm@1750-2500rpm,5,Automatic,755,60.0,SUV,Yes,Yes,Yes,Yes,Yes,Yes,,Yes,Yes,Rs.77.41 Lakh*Get On Road Price,Yes,,,,,,,,,,19.3 kmpl
125,Jaguar F-TYPE,,Petrol,5000,8,443.8bhp@6000rpm,580Nm@2500-500rpm,2,Automatic,233,70.0,Coupe,Yes,Yes,Yes,Yes,Yes,Yes,Yes,Yes,Yes,Rs.99.98 Lakh - 1.53 Cr*Get On Road Price,,,100mm,,,,,,,,
126,Jaguar I-Pace,,,,,394.26bhp,696Nm,5,,656s,,SUV,Yes,Yes,Yes,Yes,Yes,Yes,,Yes,Yes,Rs.1.20 - 1.24 Cr*Get On Road Price,Yes,,174mm,,,,,8.58,90 kWh,446 Upto,
127,Land Rover Range Rover,,Petrol,4367,8,523@5500rpm,750Nm@1800rpm,7,Automatic,,,SUV,Yes,Yes,,Yes,,,,Yes,Yes,Rs.2.39 - 4.17 Cr*Get On Road Price,Yes,,,Yes,,,,,,,
128,Land Rover Defender,14.01 kmpl,Petrol,4997,6,296.36bhp@4000rpm,650Nm@1500-2500rpm,"5, 6, 7",Automatic,397,89.0,SUV,Yes,Yes,Yes,Yes,Yes,Yes,,Yes,Yes,Rs.93.55 Lakh - 2.30 Cr*Get On Road Price,Yes,,,,,,,,,,
129,Land Rover Range Rover Evoque,,Diesel,1997,4,246.74bhp@5500rpm,430Nm@1750-2500rpm,5,Automatic,472,66.0,SUV,Yes,Yes,Yes,Yes,Yes,Yes,,Yes,Yes,Rs.72.09 Lakh*Get On Road Price,Yes,,212mm,,,,,,,,
130,Land Rover Range Rover Velar,,Petrol,1997,4,246.74bhp@5500rpm,365Nm@1500-4000rpm,5,Automatic,748,82.0,SUV,Yes,Yes,Yes,Yes,Yes,Yes,Yes,,Yes,Rs.93 Lakh*Get On Road Price,Yes,,,,,,,,,,
131,Volvo XC90,17.2 kmpl,Petrol,1969,4,300bhp,420Nm,7,Automatic,,,SUV,Yes,Yes,Yes,Yes,Yes,Yes,,Yes,Yes,Rs.98.50 Lakh*Get On Road Price,Yes,,223mm,,,,,,,,
132,Volvo XC40,12.18 kmpl,Petrol,1969,4,197bhp,300Nm,5,Automatic,452,,SUV,Yes,Yes,Yes,Yes,Yes,Yes,,,Yes,Rs.46.40 Lakh*Get On Road Price,Yes,,,Yes,,,,,,,
133,Volvo S90,,Petrol,1969,4,246.58bhp,350Nm,5,Automatic,461,60.0,Sedan,Yes,Yes,Yes,Yes,Yes,Yes,Yes,Yes,Yes,Rs.67.90 Lakh*Get On Road Price,,,,,,,,,,,
134,Volvo XC40 Recharge,,,,,408bhp,660Nm,5,,414,,SUV,Yes,Yes,Yes,Yes,Yes,Yes,,Yes,Yes,Rs.56.90 Lakh*Get On Road Price,Yes,,,,,,,,78Kwh,418,
135,Mitsubishi Montero 2007-2012,11.56 kmpl,Diesel,3200,4,199.3bhp@3800rpm,441Nm@2000rpm,7,Automatic,,88.0,SUV,Yes,Yes,Yes,Yes,Yes,Yes,Yes,Yes,Yes,Rs.40.50 - 41.34 Lakh*,,,235mm,,,,8.25 kmpl,,,,
136,Mitsubishi Montero 2009-2014,11.56 kmpl,Diesel,3200,4,199.3bhp@3800rpm,441Nm@2000rpm,7,Automatic,,88.0,SUV,Yes,Yes,Yes,Yes,Yes,Yes,Yes,Yes,Yes,Rs.41.34 Lakh*,,,235mm,,,,8.25 kmpl,,,,
137,Mitsubishi Outlander 2007-2013,11.3 kmpl,Petrol,2360,4,170PS @ 6000rpm,226Nm @ 4100rpm,5,Automatic,,88.0,SUV,Yes,Yes,Yes,Yes,Yes,Yes,Yes,Yes,Yes,Rs.20.25 - 20.55 Lakh*,,,215 mm,,,,8.2 kmpl,,,,
138,Mitsubishi Pajero 2002-2012,9.5 kmpl,Diesel,2835,4,118.6@4000 (PS@rpm),29.8@2000 (kgm@rpm),6,Manual,,92.0,SUV,Yes,Yes,Yes,Yes,Yes,Yes,,Yes,Yes,Rs.18.81 - 22 Lakh*,,,190mm,,No,,6.5 kmpl,,,,
139,Jeep Compass,14.9 kmpl,Diesel,1956,4,167.67bhp@3750rpm,350Nm@1750-2500rpm,5,Automatic,,60.0,SUV,Yes,Yes,Yes,Yes,Yes,Yes,,Yes,Yes,Rs.21.73 - 32.07 Lakh*Get On Road Price,Yes,,,,,,,,,,
140,Jeep Wrangler,12.1 kmpl,Petrol,1998,4,268bhp@5250rpm,400Nm@3000rpm,5,Automatic,,,SUV,Yes,Yes,Yes,Yes,Yes,Yes,,Yes,Yes,Rs.60.65 - 64.65 Lakh*Get On Road Price,Yes,,217mm,,,,,,,,
141,Jeep Meridian,,Diesel,1956,4,172.35bhp@3750rpm,350Nm@1750-2500rpm,7,Automatic,,60.0,SUV,Yes,Yes,Yes,Yes,Yes,Yes,,Yes,Yes,Rs.33.40 - 38.61 Lakh*Get On Road Price,Yes,,,,,,,,,,
142,Jeep Grand Cherokee,,Petrol,1995,4,268.27bhp@5200rpm,400Nm@3000rpm,5,Automatic,,87.0,SUV,Yes,Yes,Yes,Yes,Yes,Yes,Yes,Yes,Yes,Rs.80.50 Lakh*Get On Road Price,,,,,,,,,,,
